<?xml version="1.0" encoding="UTF-8"?><metadata>
    <idinfo>
        <citation>
            <citeinfo>
                <origin/>
                <pubdate>20200615</pubdate>
                <title>Banks</title>
                <geoform>vector digital data</geoform>
            </citeinfo>
        </citation>
        <descript>
            <abstract>Banking locations provided by the Department of Insurance Securities and Banking (DISB). The Banking Bureau of the Department of Insurance, Securities and Banking (DISB) regulates District of Columbia Chartered Banks, mortgage companies and consumer finance companies. The Bureau strives to ensure a sound and thriving financial services community that provides the products, credit and capital vital to the needs of District of Columbia residents and businesses. DISB charters and regulates District of Columbia banks and other DC depository financial institutions. DISB also regulates non-depository financial institutions such as mortgage lenders and brokers, money transmitters, consumer finance companies and check cashers. The data is updated is irregularly updated as needed. </abstract>
            <purpose>Banking locations provided by the Department of Insurance Securities and Banking (DISB).</purpose>
        </descript>
        <status>
            <progress>Complete</progress>
            <update>Irregular</update>
        </status>
        <spdom>
            <bounding>
                <westbc>-77.10423</westbc>
                <eastbc>-76.937394</eastbc>
                <northbc>38.981707</northbc>
                <southbc>38.829901</southbc>
            </bounding>
        </spdom>
        <keywords>
            <theme>
                <themekt>None</themekt>
                <themekey>ATM</themekey>
                <themekey>Bank</themekey>
                <themekey>banking</themekey>
                <themekey>Business</themekey>
                <themekey>DC</themekey>
                <themekey>DISB</themekey>
                <themekey>District of Columbia</themekey>
                <themekey>Economic</themekey>
                <themekey>insurance</themekey>
                <themekey>money</themekey>
                <themekey>savings</themekey>
                <themekey>securities</themekey>
                <themekey>Washington DC</themekey>
            </theme>
        </keywords>
        <accconst>Other Constraints</accconst>
        <useconst>This work is licensed under a Creative Commons Attribution 4.0 International License.</useconst>
        <ptcontac>
            <cntinfo>
                <cntorgp>
                    <cntorg>Department of Insurance Securities and Banking</cntorg>
                </cntorgp>
            </cntinfo>
        </ptcontac>
        <ptcontac>
            <cntinfo>
                <cntorgp>
                    <cntorg>Office of the Chief Technology Officer</cntorg>
                </cntorgp>
                <cntpos>GIS Data Coordinator</cntpos>
                <cntaddr>
                    <addrtype>mailing and physical</addrtype>
                    <address>200 I Street SE, 5th Floor</address>
                    <city>Washington</city>
                    <state>DC</state>
                    <postal>20003</postal>
                </cntaddr>
                <cntvoice>(202) 727-2277</cntvoice>
                <cntfax>(202) 727-5660</cntfax>
                <cntemail>dcgis@dc.gov</cntemail>
                <hours>8:30 am - 5:00 pm</hours>
            </cntinfo>
        </ptcontac>
        <datacred>Department of Insurance Securities and Banking</datacred>
        <native>Version 6.2 (Build 9200) ; Esri ArcGIS 10.7.1.11595</native>
    </idinfo>
    <spdoinfo>
        <direct>Vector</direct>
        <ptvctinf>
            <sdtsterm>
                <sdtstype>Entity point</sdtstype>
                <ptvctcnt>0</ptvctcnt>
            </sdtsterm>
        </ptvctinf>
    </spdoinfo>
    <eainfo>
        <detailed>
            <enttyp>
                <enttypl>DCGIS.BankPt</enttypl>
            </enttyp>
            <attr>
                <attrlabl>OBJECTID</attrlabl>
                <attrdef>Internal feature number.</attrdef>
                <attrdefs>Esri</attrdefs>
                <attrdomv>
                                        					
                    
                    <udom>Sequential unique whole numbers that are automatically generated.</udom>
                                        				
                
                </attrdomv>
            </attr>
            <attr>
                <attrlabl>Shape</attrlabl>
                <attrdef>Feature geometry.</attrdef>
                <attrdefs>Esri</attrdefs>
                <attrdomv>
                                        					
                    
                    <udom>Coordinates defining the features.</udom>
                                        				
                
                </attrdomv>
            </attr>
            <attr>
                <attrlabl>X</attrlabl>
            </attr>
            <attr>
                <attrlabl>Y</attrlabl>
            </attr>
            <attr>
                <attrlabl>NAME</attrlabl>
            </attr>
            <attr>
                <attrlabl>ADDRESS</attrlabl>
            </attr>
            <attr>
                <attrlabl>ZIPCODE</attrlabl>
            </attr>
            <attr>
                <attrlabl>ADDRESS_ID</attrlabl>
            </attr>
            <attr>
                <attrlabl>LATITUDE</attrlabl>
            </attr>
            <attr>
                <attrlabl>LONGITUDE</attrlabl>
            </attr>
            <attr>
                <attrlabl>WARD</attrlabl>
            </attr>
            <attr>
                <attrlabl>DIFFX</attrlabl>
            </attr>
            <attr>
                <attrlabl>DIFFY</attrlabl>
            </attr>
        </detailed>
    </eainfo>
    <metainfo>
        <metd>20220908</metd>
        <metc>
            <cntinfo>
                <cntorgp>
                    <cntorg>Office of the Chief Technology Officer</cntorg>
                </cntorgp>
                <cntpos>GIS Data Coordinator</cntpos>
                <cntaddr>
                    <addrtype>mailing and physical</addrtype>
                    <address>200 I Street SE, 5th Floor</address>
                    <city>Washington</city>
                    <state>DC</state>
                    <postal>20003</postal>
                </cntaddr>
                <cntvoice>(202) 727-2277</cntvoice>
                <cntfax>(202) 727-5660</cntfax>
                <cntemail>dcgis@dc.gov</cntemail>
                <hours>8:30 am - 5:00 pm</hours>
            </cntinfo>
        </metc>
        <metstdn>FGDC Content Standard for Digital Geospatial Metadata</metstdn>
        <metstdv>FGDC-STD-001-1998</metstdv>
        <mettc>local time</mettc>
    </metainfo>
</metadata>
