<?xml version="1.0" encoding="UTF-8"?><metadata>
    <idinfo>
        <citation>
            <citeinfo>
                <origin/>
                <pubdate>20130804</pubdate>
                <title>Gas Stations</title>
                <geoform>vector digital data</geoform>
            </citeinfo>
        </citation>
        <descript>
            <abstract>The dataset contains locations and attributes of gas stations provided by the Department of Energy and Environment and the Department of Licensing and Consumer Protection.</abstract>
            <purpose>The dataset contains locations and attributes of gas stations provided by the Department of Energy and Environment and the Department of Licensing and Consumer Protection.</purpose>
        </descript>
        <timeperd>
            <timeinfo>
                <sngdate>
                    <caldate>20130804</caldate>
                </sngdate>
            </timeinfo>
            <current>publication date</current>
        </timeperd>
        <status>
            <progress>Complete</progress>
            <update>As needed</update>
        </status>
        <spdom>
            <bounding>
                <westbc>-77.13</westbc>
                <eastbc>-76.90</eastbc>
                <northbc>39.01</northbc>
                <southbc>38.78</southbc>
            </bounding>
        </spdom>
        <keywords>
            <theme>
                <themekt>ISO 19115 Topic Categories</themekt>
                <themekey>environment</themekey>
                <themekey>location</themekey>
                <themekey>transportation</themekey>
            </theme>
            <place>
                <placekt>None</placekt>
                <placekey>District of Columbia</placekey>
                <placekey>Washington DC</placekey>
            </place>
        </keywords>
        <accconst>Other Constraints</accconst>
        <useconst>This work is licensed under a Creative Commons Attribution 4.0 International License.</useconst>
        <ptcontac>
            <cntinfo>
                <cntorgp>
                    <cntorg>Department of Energy and Environment</cntorg>
                </cntorgp>
            </cntinfo>
        </ptcontac>
        <ptcontac>
            <cntinfo>
                <cntorgp>
                    <cntorg>Office of the Chief Technology Officer</cntorg>
                </cntorgp>
                <cntpos>GIS Data Coordinator</cntpos>
                <cntaddr>
                    <addrtype>mailing and physical</addrtype>
                    <address>200 I Street SE, 5th Floor</address>
                    <city>Washington</city>
                    <state>DC</state>
                    <postal>20003</postal>
                    <country>US</country>
                </cntaddr>
                <cntvoice>(202) 727-2277</cntvoice>
                <cntfax>(202) 727-5660</cntfax>
                <cntemail>dcgis@dc.gov</cntemail>
                <hours>8:30 am - 5 pm</hours>
            </cntinfo>
        </ptcontac>
        <ptcontac>
            <cntinfo>
                <cntorgp>
                    <cntorg>Office of the Chief Technology Officer</cntorg>
                </cntorgp>
                <cntpos>GIS Data Coordinator</cntpos>
                <cntaddr>
                    <addrtype>mailing and physical</addrtype>
                    <address>200 I Street SE, 5th Floor</address>
                    <city>Washington</city>
                    <state>DC</state>
                    <postal>20003</postal>
                    <country>US</country>
                </cntaddr>
                <cntvoice>(202) 727-2277</cntvoice>
                <cntfax>(202) 727-5660</cntfax>
                <cntemail>dcgis@dc.gov</cntemail>
                <hours>8:30 am - 5 pm</hours>
            </cntinfo>
        </ptcontac>
        <datacred>Department of Energy and Environment</datacred>
        <native>Version 6.2 (Build 9200) ; Esri ArcGIS 10.8.1.14362</native>
    </idinfo>
    <dataqual>
        <attracc>
            <attraccr>Validated by source and/or responsible agency. Gas Stations geocoded to the DC Master Address Repository which places most addresses in the visual center of planimetric building polygons.</attraccr>
        </attracc>
        <logic>Validated by source and/or responsible agency.</logic>
        <complete>Validated by source and/or responsible agency.</complete>
        <posacc>
            <vertacc>
                <vertaccr>N/A</vertaccr>
            </vertacc>
        </posacc>
        <lineage>
            <srcinfo>
                <srccite>
                    <citeinfo>
                        <title>Gas Station List</title>
                    </citeinfo>
                </srccite>
                <typesrc>None</typesrc>
                <srccitea>Gas Station List</srccitea>
                <srccontr>location and attribution</srccontr>
            </srcinfo>
            <procstep>
                <procdesc>Staff digitized gas station locations by examining data from the DC Energy Office, the underground storage tanks layer, basic business license data from DCRA, and Dun and Bradstreet business data. Then staff geocoded the list to the MAR and hand placed the remaining points using the 2003 orthophoto and 2005 satellite imagery. Possible gas stations were compared with 2005 satellite imagery to determine if the gas station still existed.</procdesc>
                <proccont>
                    <cntinfo>
                        <cntorgp>
                            <cntorg>Office of the Chief Technology Officer</cntorg>
                        </cntorgp>
                        <cntpos>GIS Data Coordinator</cntpos>
                        <cntaddr>
                            <addrtype>mailing and physical</addrtype>
                            <address>200 I Street SE, 5th Floor</address>
                            <city>Washington</city>
                            <state>DC</state>
                            <postal>20003</postal>
                            <country>US</country>
                        </cntaddr>
                        <cntvoice>(202) 727-2277</cntvoice>
                        <cntfax>(202) 727-5660</cntfax>
                        <cntemail>dcgis@dc.gov</cntemail>
                        <hours>8:30 am - 5 pm</hours>
                    </cntinfo>
                </proccont>
            </procstep>
            <procstep>
                <procdesc>Staff updated the gas stations file using various internet sites, such as major gas station chains, and search engines to update gas stations</procdesc>
                <procdate>20090610</procdate>
                <proccont>
                    <cntinfo>
                        <cntorgp>
                            <cntorg>Office of the Chief Technology Officer</cntorg>
                        </cntorgp>
                        <cntpos>GIS Data Coordinator</cntpos>
                        <cntaddr>
                            <addrtype>mailing and physical</addrtype>
                            <address>200 I Street SE, 5th Floor</address>
                            <city>Washington</city>
                            <state>DC</state>
                            <postal>20003</postal>
                            <country>US</country>
                        </cntaddr>
                        <cntvoice>(202) 727-2277</cntvoice>
                        <cntfax>(202) 727-5660</cntfax>
                        <cntemail>dcgis@dc.gov</cntemail>
                        <hours>8:30 am - 5 pm</hours>
                    </cntinfo>
                </proccont>
            </procstep>
            <procstep>
                <procdesc>Staff updated list using GasBuddy</procdesc>
                <procdate>20200117</procdate>
                <proccont>
                    <cntinfo>
                        <cntorgp>
                            <cntorg>Office of the Chief Technology Officer</cntorg>
                        </cntorgp>
                        <cntpos>GIS Data Coordinator</cntpos>
                        <cntaddr>
                            <addrtype>mailing and physical</addrtype>
                            <address>200 I Street SE, 5th Floor</address>
                            <city>Washington</city>
                            <state>DC</state>
                            <postal>20003</postal>
                            <country>US</country>
                        </cntaddr>
                        <cntvoice>(202) 727-2277</cntvoice>
                        <cntfax>(202) 727-5660</cntfax>
                        <cntemail>dcgis@dc.gov</cntemail>
                        <hours>8:30 am - 5 pm</hours>
                    </cntinfo>
                </proccont>
            </procstep>
            <procstep>
                <procdesc>updated locations and attributes.</procdesc>
                <procdate>20220401</procdate>
                <proccont>
                    <cntinfo>
                        <cntorgp>
                            <cntorg>Office of the Chief Technology Officer</cntorg>
                        </cntorgp>
                        <cntpos>GIS Data Coordinator</cntpos>
                        <cntaddr>
                            <addrtype>mailing and physical</addrtype>
                            <address>200 I Street SE, 5th Floor</address>
                            <city>Washington</city>
                            <state>DC</state>
                            <postal>20003</postal>
                            <country>US</country>
                        </cntaddr>
                        <cntvoice>(202) 727-2277</cntvoice>
                        <cntfax>(202) 727-5660</cntfax>
                        <cntemail>dcgis@dc.gov</cntemail>
                        <hours>8:30 am - 5 pm</hours>
                    </cntinfo>
                </proccont>
            </procstep>
            <procstep>
                <procdesc>Added number of pumps at each station (data provided by the Office of Weights and Measures at DLCP). Also added Wharf Marina fueling station.</procdesc>
                <procdate>20230818</procdate>
                <proccont>
                    <cntinfo>
                        <cntorgp>
                            <cntorg>Office of the Chief Technology Officer</cntorg>
                        </cntorgp>
                        <cntpos>GIS Data Coordinator</cntpos>
                        <cntaddr>
                            <addrtype>mailing and physical</addrtype>
                            <address>200 I Street SE, 5th Floor</address>
                            <city>Washington</city>
                            <state>DC</state>
                            <postal>20003</postal>
                            <country>US</country>
                        </cntaddr>
                        <cntvoice>(202) 727-2277</cntvoice>
                        <cntfax>(202) 727-5660</cntfax>
                        <cntemail>dcgis@dc.gov</cntemail>
                        <hours>8:30 am - 5 pm</hours>
                    </cntinfo>
                </proccont>
            </procstep>
        </lineage>
    </dataqual>
    <spdoinfo>
        <direct>Vector</direct>
        <ptvctinf>
            <sdtsterm>
                <sdtstype>Entity point</sdtstype>
                <ptvctcnt>0</ptvctcnt>
            </sdtsterm>
        </ptvctinf>
    </spdoinfo>
    <eainfo>
        <detailed>
            <enttyp>
                <enttypl>DCGIS.GasStationPt</enttypl>
                <enttypd>Locations of gas stations in the District of Columbia.</enttypd>
                <enttypds>OCTO</enttypds>
            </enttyp>
            <attr>
                <attrlabl>OBJECTID</attrlabl>
                <attrdef>Internal feature number.</attrdef>
                <attrdefs>ESRI</attrdefs>
                <attrdomv>
                                        					
                    
                    <udom>Sequential unique whole numbers that are automatically generated.</udom>
                                        				
                
                </attrdomv>
            </attr>
            <attr>
                <attrlabl>ZIPCODE</attrlabl>
                <attrdef>Gas station ZIP (Zoning Improvement Plan) Code.</attrdef>
                <attrdefs>OCTO</attrdefs>
            </attr>
            <attr>
                <attrlabl>ADDRESS</attrlabl>
                <attrdef>Gas station physical address.</attrdef>
                <attrdefs>OCTO</attrdefs>
            </attr>
            <attr>
                <attrlabl>YCOORD</attrlabl>
                <attrdef>Master Address Repository (MAR) y-coordinate value.</attrdef>
                <attrdefs>OCTO</attrdefs>
            </attr>
            <attr>
                <attrlabl>PHONE</attrlabl>
                <attrdef>Gas station phone number.</attrdef>
                <attrdefs>OCTO</attrdefs>
            </attr>
            <attr>
                <attrlabl>SSL</attrlabl>
                <attrdef>Square suffix lot number for property parcel.</attrdef>
                <attrdefs>OCTO</attrdefs>
            </attr>
            <attr>
                <attrlabl>WARD</attrlabl>
                <attrdef>DC election ward in which the gas station is physically located.</attrdef>
                <attrdefs>OCTO</attrdefs>
            </attr>
            <attr>
                <attrlabl>NAME</attrlabl>
                <attrdef>Gas station name.</attrdef>
                <attrdefs>OCTO</attrdefs>
            </attr>
            <attr>
                <attrlabl>MAR_ID</attrlabl>
                <attrdef>Master address repository (MAR) unique identification number.</attrdef>
                <attrdefs>OCTO</attrdefs>
            </attr>
            <attr>
                <attrlabl>LATITUDE</attrlabl>
                <attrdef>Decimal degree latitude coordinates for the gas station location.</attrdef>
                <attrdefs>OCTO</attrdefs>
            </attr>
            <attr>
                <attrlabl>GIS_ID</attrlabl>
                <attrdef>OCTO GIS Sequential Identifier</attrdef>
                <attrdefs>OCTO</attrdefs>
            </attr>
            <attr>
                <attrlabl>SHAPE</attrlabl>
                <attrdef>Feature geometry.</attrdef>
                <attrdefs>ESRI</attrdefs>
            </attr>
            <attr>
                <attrlabl>LONGITUDE</attrlabl>
                <attrdef>Decimal degree longitude coordinates for the gas station location.</attrdef>
                <attrdefs>OCTO</attrdefs>
            </attr>
            <attr>
                <attrlabl>XCOORD</attrlabl>
                <attrdef>Master Address Repository (MAR) x-coordinate value.</attrdef>
                <attrdefs>OCTO</attrdefs>
            </attr>
            <attr>
                <attrlabl>NUMBER_OF_PUMPS</attrlabl>
                <attrdef>This is the total number of pumps at the gas station. Each grade of fuel at a stand counts as an individual pump. For example: a stand with one nozzle where you can select from 3 different grades of fuel (87, 89, 93 octane) counts as 3 pumps.</attrdef>
                <attrdefs>OCTO</attrdefs>
            </attr>
        </detailed>
    </eainfo>
    <distinfo>
        <distrib>
            <cntinfo>
                <cntorgp>
                    <cntorg>Office of the Chief Technology Officer</cntorg>
                </cntorgp>
                <cntpos>GIS Data Coordinator</cntpos>
                <cntaddr>
                    <addrtype>mailing and physical</addrtype>
                    <address>200 I Street SE, 5th Floor</address>
                    <city>Washington</city>
                    <state>DC</state>
                    <postal>20003</postal>
                    <country>US</country>
                </cntaddr>
                <cntvoice>(202) 727-2277</cntvoice>
                <cntfax>(202) 727-5660</cntfax>
                <cntemail>dcgis@dc.gov</cntemail>
                <hours>8:30 am - 5 pm</hours>
            </cntinfo>
        </distrib>
        <distliab>See access and use constraints information.</distliab>
        <custom>DC datasets can be downloaded from "https://opendata.dc.gov".</custom>
    </distinfo>
    <metainfo>
        <metd>20230817</metd>
        <metc>
            <cntinfo>
                <cntorgp>
                    <cntorg>Office of the Chief Technology Officer</cntorg>
                </cntorgp>
                <cntpos>GIS Data Coordinator</cntpos>
                <cntaddr>
                    <addrtype>mailing and physical</addrtype>
                    <address>200 I Street SE, 5th Floor</address>
                    <city>Washington</city>
                    <state>DC</state>
                    <postal>20003</postal>
                    <country>US</country>
                </cntaddr>
                <cntvoice>(202) 727-2277</cntvoice>
                <cntfax>(202) 727-5660</cntfax>
                <cntemail>dcgis@dc.gov</cntemail>
                <hours>8:30 am - 5 pm</hours>
            </cntinfo>
        </metc>
        <metstdn>FGDC Content Standard for Digital Geospatial Metadata</metstdn>
        <metstdv>FGDC-STD-001-1998</metstdv>
        <mettc>local time</mettc>
    </metainfo>
</metadata>
