<?xml version="1.0" encoding="UTF-8"?><metadata>
    <idinfo>
        <citation>
            <citeinfo>
                <origin/>
                <pubdate>20070402</pubdate>
                <title>Shopping Centers</title>
                <geoform>vector digital data</geoform>
            </citeinfo>
        </citation>
        <descript>
            <abstract>The dataset contains locations and attributes for Shopping Centers, created as part of the DC Geographic Information System (DC GIS) for the D.C. Office of the Chief Technology Officer (OCTO) and participating D.C. government agencies.</abstract>
            <purpose>Shopping centers in the District of Columbia.</purpose>
        </descript>
        <status>
            <progress>Complete</progress>
            <update>Irregular</update>
        </status>
        <spdom>
            <bounding>
                <westbc>-77.095867</westbc>
                <eastbc>-76.936661</eastbc>
                <northbc>38.960156</northbc>
                <southbc>38.832108</southbc>
            </bounding>
        </spdom>
        <keywords>
            <theme>
                <themekt>None</themekt>
                <themekey>DC GIS</themekey>
                <themekey>DCGIS</themekey>
                <themekey>Business</themekey>
                <themekey>Economic</themekey>
                <themekey>shopping centers</themekey>
                <themekey>commerce</themekey>
                <themekey>goods</themekey>
            </theme>
            <theme>
                <themekt>ISO 19115 Topic Categories</themekt>
                <themekey>economy</themekey>
            </theme>
            <place>
                <placekt>None</placekt>
                <placekey>Washington D.C.</placekey>
                <placekey>DC</placekey>
                <placekey>District of Columbia</placekey>
            </place>
        </keywords>
        <accconst>Other Constraints</accconst>
        <useconst>This work is licensed under a Creative Commons Attribution 4.0 International License.</useconst>
        <ptcontac>
            <cntinfo>
                <cntorgp>
                    <cntorg>Office of the Chief Technology Officer</cntorg>
                </cntorgp>
                <cntpos>GIS Data Coordinator</cntpos>
                <cntaddr>
                    <addrtype>mailing and physical</addrtype>
                    <address>200 I Street SE, 5th Floor</address>
                    <city>Washington</city>
                    <state>DC</state>
                    <postal>20003</postal>
                    <country>US</country>
                </cntaddr>
                <cntfax>(202) 727-5660</cntfax>
                <cntemail>dcgis@dc.gov</cntemail>
                <hours>8:30 am - 5 pm</hours>
            </cntinfo>
        </ptcontac>
        <datacred>Office of the Chief Technology Officer</datacred>
        <native>Version 6.2 (Build 9200) ; Esri ArcGIS 10.3.1.4959</native>
    </idinfo>
    <dataqual>
        <lineage>
            <procstep>
                <procdesc>Staff updated the dataset using the latest information.</procdesc>
                <procdate>20180810</procdate>
                <proccont>
                    <cntinfo>
                        <cntorgp>
                            <cntorg>D.C. Office of the Chief Technology Officer</cntorg>
                            <cntper>GIS Data Coordinator</cntper>
                        </cntorgp>
                        <cntaddr>
                            <addrtype>unknown</addrtype>
                            <address>200 I Street SE, 5th Floor</address>
                            <city>Washington</city>
                            <state>DC</state>
                            <postal>20003</postal>
                            <country>US</country>
                        </cntaddr>
                        <cntfax>(202) 727-5660</cntfax>
                        <cntemail>dcgis@dc.gov</cntemail>
                        <hours>8:30 am - 5 pm</hours>
                    </cntinfo>
                </proccont>
            </procstep>
        </lineage>
    </dataqual>
    <spdoinfo>
        <direct>Vector</direct>
        <ptvctinf>
            <sdtsterm>
                <sdtstype>Entity point</sdtstype>
                <ptvctcnt>0</ptvctcnt>
            </sdtsterm>
        </ptvctinf>
    </spdoinfo>
    <eainfo>
        <detailed>
            <enttyp>
                <enttypl>DCGIS.ShoppingCenterPt</enttypl>
            </enttyp>
            <attr>
                <attrlabl>OBJECTID</attrlabl>
                <attrdef>Internal feature number.</attrdef>
                <attrdefs>Esri</attrdefs>
                <attrdomv>
                                        					
                    
                    <udom>Sequential unique whole numbers that are automatically generated.</udom>
                                        				
                
                </attrdomv>
            </attr>
            <attr>
                <attrlabl>NAME</attrlabl>
            </attr>
            <attr>
                <attrlabl>AID</attrlabl>
            </attr>
            <attr>
                <attrlabl>ADDRESS</attrlabl>
            </attr>
            <attr>
                <attrlabl>STATUS</attrlabl>
            </attr>
            <attr>
                <attrlabl>SSL</attrlabl>
            </attr>
            <attr>
                <attrlabl>WARD</attrlabl>
            </attr>
            <attr>
                <attrlabl>ZIPCODE</attrlabl>
            </attr>
            <attr>
                <attrlabl>XCOORD</attrlabl>
            </attr>
            <attr>
                <attrlabl>YCOORD</attrlabl>
            </attr>
            <attr>
                <attrlabl>GIS_ID</attrlabl>
            </attr>
            <attr>
                <attrlabl>Shape</attrlabl>
                <attrdef>Feature geometry</attrdef>
                <attrdefs>ESRI</attrdefs>
                <attrdomv>
                                        					
                    
                    <udom>Coordinates defining the features.</udom>
                                        				
                
                </attrdomv>
            </attr>
            <attr>
                <attrlabl>SE_ANNO_CAD_DATA</attrlabl>
            </attr>
        </detailed>
    </eainfo>
    <distinfo>
        <distrib>
            <cntinfo>
                <cntorgp>
                    <cntorg>D.C. Office of the Chief Technology Officer</cntorg>
                    <cntper>GIS Data Coordinator</cntper>
                </cntorgp>
                <cntaddr>
                    <addrtype>mailing and physical</addrtype>
                    <address>200 I Street SE, 5th Floor</address>
                    <city>Washington</city>
                    <state>DC</state>
                    <postal>20003</postal>
                    <country>US</country>
                </cntaddr>
                <cntfax>(202) 727-5660</cntfax>
                <cntemail>dcgis@dc.gov</cntemail>
                <hours>8:30 am - 5 pm</hours>
            </cntinfo>
        </distrib>
        <distliab>See access and use constraints information.</distliab>
        <custom>DC datasets can be downloaded from "http://opendata.dc.gov".</custom>
    </distinfo>
    <metainfo>
        <metd>20220908</metd>
        <metc>
            <cntinfo>
                <cntorgp>
                    <cntorg>Office of the Chief Technology Officer</cntorg>
                </cntorgp>
                <cntpos>GIS Data Coordinator</cntpos>
                <cntaddr>
                    <addrtype>mailing and physical</addrtype>
                    <address>200 I Street SE, 5th Floor</address>
                    <city>Washington</city>
                    <state>DC</state>
                    <postal>20003</postal>
                    <country>US</country>
                </cntaddr>
                <cntfax>(202) 727-5660</cntfax>
                <cntemail>dcgis@dc.gov</cntemail>
                <hours>8:30 am - 5 pm</hours>
            </cntinfo>
        </metc>
        <metstdn>FGDC Content Standard for Digital Geospatial Metadata</metstdn>
        <metstdv>FGDC-STD-001-1998</metstdv>
        <mettc>local time</mettc>
    </metainfo>
</metadata>
