<?xml version="1.0" encoding="UTF-8"?><metadata>
    <idinfo>
        <citation>
            <citeinfo>
                <origin/>
                <pubdate>20211102</pubdate>
                <title>Sidewalk Cafe</title>
                <geoform>vector digital data</geoform>
            </citeinfo>
        </citation>
        <descript>
            <abstract>The dataset contains locations and attributes of sidewalk cafes provided by the District Department of Transportation. These came from DDOT's Transportation Online Permit System (TOPS).</abstract>
            <purpose>This data is used for the planning and management of Washington, D.C. by local government agencies.</purpose>
        </descript>
        <status>
            <progress>Complete</progress>
            <update>As needed</update>
        </status>
        <spdom>
            <bounding>
                <westbc>-77.102395</westbc>
                <eastbc>-76.981147</eastbc>
                <northbc>38.979249</northbc>
                <southbc>38.870875</southbc>
            </bounding>
        </spdom>
        <keywords>
            <theme>
                <themekt>None</themekt>
                <themekey>restaurant</themekey>
                <themekey>sidewalk cafe</themekey>
                <themekey>society</themekey>
                <themekey>business</themekey>
                <themekey>permit</themekey>
            </theme>
            <theme>
                <themekt>ISO 19115 Topic Categories</themekt>
                <themekey>society</themekey>
            </theme>
            <place>
                <placekt>None</placekt>
                <placekey>DC GIS</placekey>
                <placekey>DCGIS</placekey>
                <placekey>DC</placekey>
            </place>
        </keywords>
        <accconst>Other Constraints</accconst>
        <useconst>This work is licensed under a Creative Commons Attribution 4.0 International License.</useconst>
        <ptcontac>
            <cntinfo>
                <cntorgp>
                    <cntorg>District Department of Transportation</cntorg>
                </cntorgp>
                <cntaddr>
                    <addrtype>unknown</addrtype>
                    <address>250 M Street, SE</address>
                    <city>Washington</city>
                    <state>DC</state>
                    <postal>20003</postal>
                </cntaddr>
                <cntvoice>(202) 673-6813</cntvoice>
                <cntfax>(202) 671-0650</cntfax>
                <cntemail>ddot@dc.gov</cntemail>
                <hours>8:30 am - 5:00 pm</hours>
            </cntinfo>
        </ptcontac>
        <ptcontac>
            <cntinfo>
                <cntorgp>
                    <cntorg>Office of the Chief Technology Officer</cntorg>
                </cntorgp>
                <cntpos>GIS Data Coordinator</cntpos>
                <cntaddr>
                    <addrtype>mailing and physical</addrtype>
                    <address>200 I Street SE, 5th Floor</address>
                    <city>Washington</city>
                    <state>DC</state>
                    <postal>20003</postal>
                    <country>US</country>
                </cntaddr>
                <cntfax>(202) 727-5660</cntfax>
                <cntemail>dcgis@dc.gov</cntemail>
                <hours>8:30 am - 5 pm</hours>
            </cntinfo>
        </ptcontac>
        <datacred>District Department of Transportation</datacred>
        <native>Version 6.2 (Build 9200) ; Esri ArcGIS 10.3.1.4959</native>
    </idinfo>
    <dataqual>
        <attracc>
            <attraccr>Validated by source and/or responsible agency</attraccr>
        </attracc>
        <logic>Validated by source and/or responsible agency</logic>
        <complete>Validated by source and/or responsible agency</complete>
        <lineage>
            <srcinfo>
                <srccite>
                    <citeinfo>
                        <pubdate>20110101</pubdate>
                        <title>Transportation Online Permit System (TOPS)</title>
                    </citeinfo>
                </srccite>
                <typesrc>onLine</typesrc>
                <srccitea>Transportation Online Permit System (TOPS)</srccitea>
                <srccontr>location and attribution</srccontr>
            </srcinfo>
            <procstep>
                <procdesc>Staff took the sidewalk cafe records from the TOPS system and geocoded them to the MAR.</procdesc>
                <procdate>20110907</procdate>
                <proccont>
                    <cntinfo>
                        <cntorgp>
                            <cntorg>Office of the Chief Technology officer</cntorg>
                            <cntper>GIS Data Coordinator</cntper>
                        </cntorgp>
                        <cntaddr>
                            <addrtype>mailing and physical</addrtype>
                            <address>441 4th St NW, Suite 930 South</address>
                            <city>Washington</city>
                            <state>DC</state>
                            <postal>20001</postal>
                            <country>US</country>
                        </cntaddr>
                        <cntfax>202-727-5660</cntfax>
                        <cntemail>DCGIS@DC.GOV</cntemail>
                        <hours>9am - 5pm</hours>
                    </cntinfo>
                </proccont>
            </procstep>
        </lineage>
    </dataqual>
    <spdoinfo>
        <direct>Vector</direct>
        <ptvctinf>
            <sdtsterm>
                <sdtstype>Entity point</sdtstype>
                <ptvctcnt>452</ptvctcnt>
            </sdtsterm>
        </ptvctinf>
    </spdoinfo>
    <eainfo>
        <detailed>
            <enttyp>
                <enttypl>DCGIS.SidewalkCafePt</enttypl>
            </enttyp>
            <attr>
                <attrlabl>OBJECTID_1</attrlabl>
                <attrdef>Internal feature number.</attrdef>
                <attrdefs>ESRI</attrdefs>
                <attrdomv>
                                        					
                    
                    <udom>Sequential unique whole numbers that are automatically generated.</udom>
                                        				
                
                </attrdomv>
            </attr>
            <attr>
                <attrlabl>Shape</attrlabl>
                <attrdef>Feature geometry</attrdef>
                <attrdefs>ESRI</attrdefs>
                <attrdomv>
                                        					
                    
                    <udom>Coordinates defining the features.</udom>
                                        				
                
                </attrdomv>
            </attr>
            <attr>
                <attrlabl>OBJECTID</attrlabl>
                <attrdef>Unique ID</attrdef>
            </attr>
            <attr>
                <attrlabl>Square</attrlabl>
                <attrdef>Square Value</attrdef>
            </attr>
            <attr>
                <attrlabl>Suffix</attrlabl>
                <attrdef>Suffix Number</attrdef>
            </attr>
            <attr>
                <attrlabl>Lot</attrlabl>
                <attrdef>Lot Value</attrdef>
            </attr>
            <attr>
                <attrlabl>IDNUM</attrlabl>
                <attrdef>ID number</attrdef>
            </attr>
            <attr>
                <attrlabl>Owner</attrlabl>
                <attrdef>Owner Name</attrdef>
            </attr>
            <attr>
                <attrlabl>AREA_</attrlabl>
            </attr>
            <attr>
                <attrlabl>XCOORD</attrlabl>
            </attr>
            <attr>
                <attrlabl>YCOORD</attrlabl>
            </attr>
            <attr>
                <attrlabl>MAR_ID</attrlabl>
            </attr>
            <attr>
                <attrlabl>Address</attrlabl>
                <attrdef>Address</attrdef>
            </attr>
            <attr>
                <attrlabl>SE_ANNO_CAD_DATA</attrlabl>
            </attr>
            <attr>
                <attrlabl>GIS_ID</attrlabl>
            </attr>
            <attr>
                <attrlabl>GlobalID</attrlabl>
            </attr>
            <attr>
                <attrlabl>Creator</attrlabl>
            </attr>
            <attr>
                <attrlabl>Created</attrlabl>
            </attr>
            <attr>
                <attrlabl>Editor</attrlabl>
            </attr>
            <attr>
                <attrlabl>Edited</attrlabl>
            </attr>
        </detailed>
    </eainfo>
    <distinfo>
        <distrib>
            <cntinfo>
                <cntorgp>
                    <cntorg>D.C. Office of the Chief Technology Officer</cntorg>
                    <cntper>GIS Data Coordinator</cntper>
                </cntorgp>
                <cntaddr>
                    <addrtype>mailing and physical</addrtype>
                    <address>200 I Street SE, 5th Floor</address>
                    <city>Washington</city>
                    <state>DC</state>
                    <postal>20003</postal>
                    <country>US</country>
                </cntaddr>
                <cntfax>(202) 727-5660</cntfax>
                <cntemail>dcgis@dc.gov</cntemail>
                <hours>8:30 am - 5 pm</hours>
            </cntinfo>
        </distrib>
        <distliab>See access and use constraints information.</distliab>
        <custom>DC datasets can be downloaded from "http://opendata.dc.gov".</custom>
    </distinfo>
    <metainfo>
        <metd>20220908</metd>
        <metrd>20110907</metrd>
        <metc>
            <cntinfo>
                <cntorgp>
                    <cntorg>Office of the Chief Technology Officer</cntorg>
                </cntorgp>
                <cntpos>GIS Data Coordinator</cntpos>
                <cntaddr>
                    <addrtype>mailing and physical</addrtype>
                    <address>200 I Street SE, 5th Floor</address>
                    <city>Washington</city>
                    <state>DC</state>
                    <postal>20003</postal>
                    <country>US</country>
                </cntaddr>
                <cntfax>(202) 727-5660</cntfax>
                <cntemail>dcgis@dc.gov</cntemail>
                <hours>8:30 am - 5 pm</hours>
            </cntinfo>
        </metc>
        <metstdn>FGDC Content Standard for Digital Geospatial Metadata</metstdn>
        <metstdv>FGDC-STD-001-1998</metstdv>
        <mettc>local time</mettc>
    </metainfo>
</metadata>
